序列编号,fdsgfds,dsfgdfs,maxd,mind,x,y,z,诊断结果
1.3.12.2.1107.5.1.4.86150.30000019051514264168700007444,ANNO3,ELLIPSE,27.9,13.6,198.4,343.67,31,无
1.3.12.2.1107.5.1.4.86150.30000019051514264168700007444,ANNO3,ELLIPSE,8.19,3.07,332.72,385.97,104,无
1.3.12.2.1107.5.1.4.86150.30000019051514264168700007444,ANNO3,ELLIPSE,2.36,0.88,166.98,360.88,55,无
1.2.840.113619.2.416.193944899325120253694101839430961482090,ANNO3,ELLIPSE,4.6,2.24,398.5,312.16,43,0
1.2.840.113619.2.416.193944899325120253694101839430961482090,ANNO3,ELLIPSE,21.18,10.33,343.64,286.67,26,0
1.2.840.113619.2.416.193944899325120253694101839430961482090,ANNO3,ELLIPSE,4.12,2.57,371.31,333.7,41,1
1.2.840.113619.2.416.193944899325120253694101839430961482090,ANNO3,ELLIPSE,4.25,2.71,176.78,344.49,46,0
1.2.840.113619.2.416.193944899325120253694101839430961482090,ANNO3,ELLIPSE,4.86,1.82,100.37,219.79,29,1
1.2.840.113619.2.416.193944899325120253694101839430961482090,ANNO3,ELLIPSE,3.89,2.32,177.02,242.39,16,1
1.2.840.113619.2.416.193944899325120253694101839430961482090,ANNO3,ELLIPSE,2.23,1.09,427.72,289.44,46,0
1.2.840.113619.2.416.193944899325120253694101839430961482090,ANNO3,ELLIPSE,5.04,2.45,130.29,238.64,38,0
1.2.840.113619.2.416.193944899325120253694101839430961482090,ANNO3,ELLIPSE,4.1,2.55,380.1,228.21,20,0
1.2.840.113619.2.416.193944899325120253694101839430961482090,ANNO3,ELLIPSE,3.9,2.39,365.04,295.61,16,0
1.2.840.113619.2.416.193944899325120253694101839430961482090,ANNO3,ELLIPSE,4.15,2.69,176.75,209.47,33,0
1.2.840.113619.2.416.193944899325120253694101839430961482090,ANNO3,ELLIPSE,4.07,1.98,106.87,227.69,38,0
1.2.840.113619.2.416.193944899325120253694101839430961482090,ANNO3,ELLIPSE,4.04,2.02,425.82,245.75,43,0
1.2.840.113619.2.416.193944899325120253694101839430961482090,ANNO3,ELLIPSE,4.15,2.25,214.03,308.5,16,0
1.2.840.113619.2.416.193944899325120253694101839430961482090,ANNO3,ELLIPSE,4.37,2.13,413.14,304.67,44,0
1.2.840.113619.2.416.193944899325120253694101839430961482090,ANNO3,ELLIPSE,2.31,0.87,385.49,198.5,44,0
1.2.840.113619.2.416.193944899325120253694101839430961482090,ANNO3,ELLIPSE,4.09,2.43,213.87,196.78,23,0
1.2.840.113619.2.416.193944899325120253694101839430961482090,ANNO3,ELLIPSE,4.56,2.83,165.85,343.83,26,0
1.2.840.113619.2.416.193944899325120253694101839430961482090,ANNO3,ELLIPSE,4.06,1.59,416.8,290.48,22,0
1.2.840.113619.2.416.193944899325120253694101839430961482090,ANNO3,ELLIPSE,2.32,0.87,173.46,198.48,35,0
1.2.840.113619.2.416.193944899325120253694101839430961482090,ANNO3,ELLIPSE,3.85,2.32,143.36,352.77,24,0
1.2.840.113619.2.416.193944899325120253694101839430961482090,ANNO3,ELLIPSE,3.95,1.89,416.81,294.35,27,0
1.2.840.113619.2.416.193944899325120253694101839430961482090,ANNO3,ELLIPSE,4.28,2.12,113.3,215.01,32,0
1.2.840.113619.2.416.193944899325120253694101839430961482090,ANNO3,ELLIPSE,4.07,1.98,417.26,249.66,42,0
1.2.840.113619.2.416.193944899325120253694101839430961482090,ANNO3,ELLIPSE,4.95,2.41,330.35,214.65,19,0
1.2.840.113619.2.416.193944899325120253694101839430961482090,ANNO3,ELLIPSE,4.31,2.1,114.44,267.19,38,0
1.2.840.113619.2.416.193944899325120253694101839430961482090,ANNO3,ELLIPSE,3.96,1.93,222.13,298.42,43,0
1.2.840.113619.2.416.193944899325120253694101839430961482090,ANNO3,ELLIPSE,4.03,2.18,122.47,217.9,31,0
1.2.840.113619.2.416.193944899325120253694101839430961482090,ANNO3,ELLIPSE,4.38,2.7,218.43,302.98,21,0
1.2.840.113619.2.416.193944899325120253694101839430961482090,ANNO3,ELLIPSE,4.01,2.07,105.53,318.11,44,0
1.2.840.113619.2.416.193944899325120253694101839430961482090,ANNO3,ELLIPSE,4.19,2.39,404.13,254.95,40,0
1.2.840.113619.2.416.193944899325120253694101839430961482090,ANNO3,ELLIPSE,2.33,0.87,164.56,246.43,17,0
1.2.840.113619.2.416.193944899325120253694101839430961482090,ANNO3,ELLIPSE,2.29,0.86,391.71,298.53,16,0
1.2.840.113619.2.416.193944899325120253694101839430961482090,ANNO3,ELLIPSE,2.27,0.85,420.79,289.11,45,0
1.2.840.113619.2.416.193944899325120253694101839430961482090,ANNO3,ELLIPSE,2.27,1.11,369.9,288.46,11,0
1.2.840.113619.2.416.193944899325120253694101839430961482090,ANNO3,ELLIPSE,2.32,0.87,107.33,222.43,31,0
1.2.840.113619.2.416.193944899325120253694101839430961482090,ANNO3,ELLIPSE,4.05,2.42,380.21,354.26,22,0
1.2.840.113619.2.416.193944899325120253694101839430961482090,ANNO3,ELLIPSE,3.99,1.5,113.39,325.14,48,0
1.2.840.113619.2.416.193944899325120253694101839430961482090,ANNO3,ELLIPSE,2.23,0.84,116.44,187.8,41,0
1.2.840.113619.2.416.193944899325120253694101839430961482090,ANNO3,ELLIPSE,3.88,2.43,147.58,346.24,45,0
1.2.840.113619.2.416.193944899325120253694101839430961482090,ANNO3,ELLIPSE,4.25,2.63,357.91,344.6,45,0
1.2.840.113619.2.416.193944899325120253694101839430961482090,ANNO3,ELLIPSE,2.28,1.11,426.88,306.58,46,0
1.2.840.113619.2.416.193944899325120253694101839430961482090,ANNO3,ELLIPSE,3.93,2.43,356.2,325.1,44,0
1.2.840.113619.2.416.193944899325120253694101839430961482090,ANNO3,ELLIPSE,3.97,2.28,411.13,250.88,41,0
1.2.840.113619.2.416.193944899325120253694101839430961482090,ANNO3,ELLIPSE,4.02,2.48,388.11,184.92,45,0
1.2.840.113619.2.416.193944899325120253694101839430961482090,ANNO3,ELLIPSE,3.95,2.04,367.6,322.22,43,0
1.2.840.113619.2.416.193944899325120253694101839430961482090,ANNO3,ELLIPSE,4.26,2.28,223.05,312.42,20,0
1.2.840.113619.2.416.193944899325120253694101839430961482090,ANNO3,ELLIPSE,4.08,2.23,99.27,243.43,38,0
1.2.840.113619.2.416.193944899325120253694101839430961482090,ANNO3,ELLIPSE,4.63,2.26,156.42,338.52,44,0
1.2.840.113619.2.416.193944899325120253694101839430961482090,ANNO3,ELLIPSE,4.06,1.98,167.22,253.53,18,0
1.2.840.113619.2.55.3.386549861.406.1557790432.280.4,ANNO3,ELLIPSE,20.23,9.86,327.44,286.78,25,0
1.2.840.113619.2.55.3.386549861.406.1557790432.280.4,ANNO3,ELLIPSE,4.11,1.82,355.57,209.83,19,0
1.2.840.113619.2.416.185672529007973468239270490648099079346,ANNO3,ELLIPSE,3.42,1.66,386.01,266.55,140,1
1.2.840.113619.2.416.185672529007973468239270490648099079346,ANNO3,ELLIPSE,2.3,1.12,390.1,271.96,140,1
1.2.840.113619.2.416.185672529007973468239270490648099079346,ANNO3,ELLIPSE,2.33,0.87,227.69,183.16,224,1
1.2.840.113619.2.416.185672529007973468239270490648099079346,ANNO3,ELLIPSE,2.93,1.1,148.34,184.06,236,1
1.2.840.113619.2.416.185672529007973468239270490648099079346,ANNO3,ELLIPSE,3.31,2.11,110.24,205.9,257,1
1.2.840.113619.2.416.185672529007973468239270490648099079346,ANNO3,ELLIPSE,2.33,1.14,98.73,206.01,260,1
1.2.840.113619.2.416.185672529007973468239270490648099079346,ANNO3,ELLIPSE,2.42,0.91,125.31,333.83,291,1
1.2.840.113619.2.416.185672529007973468239270490648099079346,ANNO3,ELLIPSE,6.35,3.09,204.62,357.88,321,1
1.2.840.113619.2.416.185672529007973468239270490648099079346,ANNO3,ELLIPSE,3.3,1.61,123.17,195.18,324,1
1.2.840.113619.2.416.185672529007973468239270490648099079346,ANNO3,ELLIPSE,3.25,1.59,136.94,161.21,350,1
1.2.840.113619.2.416.185672529007973468239270490648099079346,ANNO3,ELLIPSE,4.92,2.62,412.47,200.89,363,1
1.2.840.113619.2.416.185672529007973468239270490648099079346,ANNO3,ELLIPSE,4.0,2.19,150.01,254.4,364,0
1.3.12.2.1107.5.1.4.73436.30000019051500062573200014492,ANNO3,ELLIPSE,4.58,2.03,150.63,212.94,129,0
1.3.12.2.1107.5.1.4.73436.30000019051500062573200014492,ANNO3,ELLIPSE,3.27,1.41,160.82,359.43,226,0
1.3.12.2.1107.5.1.4.73436.30000019051500062573200014492,ANNO3,ELLIPSE,4.35,2.08,322.1,325.63,254,0
1.3.12.2.1107.5.1.4.73436.30000019051500062573200014492,ANNO3,ELLIPSE,2.29,0.86,265.27,266.71,269,0
1.3.12.2.1107.5.1.4.73436.30000019051500062573200014492,ANNO3,ELLIPSE,3.95,1.66,105.56,207.83,302,0
1.3.12.2.1107.5.1.4.73436.30000019051500062573200014492,ANNO3,ELLIPSE,3.71,1.68,250.63,267.7,361,0
1.3.12.2.1107.5.1.4.73436.30000019051500062573200014492,ANNO3,ELLIPSE,4.31,2.01,147.21,150.53,373,0
1.3.12.2.1107.5.1.4.73436.30000019051500062573200014492,ANNO3,ELLIPSE,2.36,0.89,403.43,173.12,422,0
1.3.12.2.1107.5.1.4.73436.30000019051500062573200014492,ANNO3,ELLIPSE,4.2,1.97,287.61,267.87,453,0
1.3.12.2.1107.5.1.4.73436.30000019051500062573200014492,ANNO3,ELLIPSE,2.29,0.86,78.62,303.39,456,0
1.3.12.2.1107.5.1.4.73436.30000019051500062573200014492,ANNO3,ELLIPSE,8.15,4.8,100.39,286.92,509,0
1.3.12.2.1107.5.1.4.73436.30000019051500062573200014492,ANNO3,ELLIPSE,4.75,1.78,80.28,273.03,522,1
1.3.12.2.1107.5.1.4.73436.30000019051500062573200014492,ANNO3,ELLIPSE,2.95,1.11,206.22,365.06,522,0
1.2.840.113619.2.327.3.50990949.260.1540161545.999.4,ANNO3,ELLIPSE,2.32,0.87,336.84,310.16,15,0
1.2.840.113619.2.327.3.50990949.260.1540161545.999.4,ANNO3,ELLIPSE,2.29,0.86,166.13,316.69,16,0
1.2.840.113619.2.327.3.50990949.260.1540161545.999.4,ANNO3,ELLIPSE,4.07,2.5,337.61,261.64,19,0
1.2.840.113619.2.327.3.50990949.260.1540161545.999.4,ANNO3,ELLIPSE,4.44,2.53,341.11,281.87,19,0
1.2.840.113619.2.327.3.50990949.260.1540161545.999.4,ANNO3,ELLIPSE,4.2,2.51,167.26,287.49,20,0
1.2.840.113619.2.327.3.50990949.260.1540161545.999.4,ANNO3,ELLIPSE,4.14,2.22,175.05,290.14,21,0
1.2.840.113619.2.327.3.50990949.260.1540161545.999.4,ANNO3,ELLIPSE,2.27,1.11,344.71,311.04,20,0
1.2.840.113619.2.327.3.50990949.260.1540161545.999.4,ANNO3,ELLIPSE,2.31,1.12,349.92,316.64,19,0
1.2.840.113619.2.327.3.50990949.260.1540161545.999.4,ANNO3,ELLIPSE,4.06,1.97,340.44,304.2,21,0
1.2.840.113619.2.327.3.50990949.260.1540161545.999.4,ANNO3,ELLIPSE,2.32,1.13,347.04,240.15,23,0
1.2.840.113619.2.327.3.50990949.260.1540161545.999.4,ANNO3,ELLIPSE,3.94,2.2,353.7,241.86,22,0
1.2.840.113619.2.327.3.50990949.260.1540161545.999.4,ANNO3,ELLIPSE,4.1,2.48,307.07,320.48,22,0
1.2.840.113619.2.327.3.50990949.260.1540161545.999.4,ANNO3,ELLIPSE,4.8,2.34,327.26,324.88,28,0
1.2.840.113619.2.327.3.50990949.260.1540161545.999.4,ANNO3,ELLIPSE,4.22,2.06,340.47,284.56,27,1
1.2.840.113619.2.327.3.50990949.260.1540161545.999.4,ANNO3,ELLIPSE,4.03,2.28,308.99,184.51,28,0
1.2.840.113619.2.327.3.50990949.260.1540161545.999.4,ANNO3,ELLIPSE,2.29,0.86,385.3,256.78,30,0
1.2.840.113619.2.327.3.50990949.260.1540161545.999.4,ANNO3,ELLIPSE,4.17,2.33,309.19,188.81,32,0
1.2.840.113619.2.327.3.50990949.260.1540161545.999.4,ANNO3,ELLIPSE,2.97,1.62,121.86,291.19,36,1
1.2.840.113619.2.327.3.50990949.260.1540161545.999.4,ANNO3,ELLIPSE,4.37,2.13,195.12,205.06,38,0
1.2.840.113619.2.327.3.50990949.260.1540161545.999.4,ANNO3,ELLIPSE,4.08,2.19,358.38,257.31,43,0
1.2.840.113619.2.327.3.50990949.260.1540161545.999.4,ANNO3,ELLIPSE,3.58,1.59,129.36,278.01,38,0
1.2.840.113619.2.327.3.50990949.260.1540161545.999.4,ANNO3,ELLIPSE,4.12,2.28,377.61,244.82,42,0
1.2.840.113619.2.327.3.50990949.260.1540161545.999.4,ANNO3,ELLIPSE,4.41,2.09,374.44,256.73,41,0
1.2.840.113619.2.327.3.50990949.260.1540161545.999.4,ANNO3,ELLIPSE,2.27,0.85,356.7,323.43,42,0
1.2.840.113619.2.327.3.50990949.260.1540161545.999.4,ANNO3,ELLIPSE,4.8,2.34,359.23,247.99,45,0
1.2.840.113619.2.327.3.50990949.260.1540161545.999.4,ANNO3,ELLIPSE,4.24,2.07,372.31,241.8,47,0
1.2.840.113619.2.327.3.50990949.260.1540161545.999.4,ANNO3,ELLIPSE,4.67,2.28,172.83,278.29,46,0
1.2.840.113619.2.327.3.50990949.260.1540161545.999.4,ANNO3,ELLIPSE,4.25,2.07,201.36,301.42,52,0
1.2.840.113619.2.327.3.50990949.260.1540161545.999.4,ANNO3,ELLIPSE,4.78,2.31,156.63,279.12,48,0
1.2.840.113619.2.327.3.50990949.260.1540161545.999.4,ANNO3,ELLIPSE,3.94,1.72,124.41,282.9,48,0
1.2.840.113619.2.327.3.50990949.260.1540161545.999.4,ANNO3,ELLIPSE,4.24,2.24,139.04,273.17,51,0
1.2.840.113619.2.327.3.50990949.260.1540161545.999.4,ANNO3,ELLIPSE,3.93,1.87,140.81,301.89,51,0
1.2.840.113619.2.327.3.50990949.260.1540161545.999.4,ANNO3,ELLIPSE,4.08,2.43,374.7,301.14,51,0
1.3.12.2.1107.5.1.4.73436.30000019051500062573200080016,ANNO3,ELLIPSE,3.12,1.95,190.9,287.4,68,1
1.3.12.2.1107.5.1.4.73436.30000019051500062573200080016,ANNO3,ELLIPSE,7.06,2.65,293.46,316.06,69,1
1.3.12.2.1107.5.1.4.73436.30000019051500062573200080016,ANNO3,ELLIPSE,2.91,1.42,372.02,295.29,100,0
1.3.12.2.1107.5.1.4.73436.30000019051500062573200080016,ANNO3,ELLIPSE,8.45,1.53,231.09,286.45,125,1
1.3.12.2.1107.5.1.4.73436.30000019051500062573200080016,ANNO3,ELLIPSE,2.25,0.84,131.47,286.65,136,0
1.3.12.2.1107.5.1.4.73436.30000019051500062573200080016,ANNO3,ELLIPSE,4.03,2.13,189.83,180.16,482,0
1.3.12.2.1107.5.1.4.73436.30000019051500062573200080016,ANNO3,ELLIPSE,8.45,4.12,182.66,382.99,539,1
1.3.12.2.1107.5.1.4.73436.30000019051500062573200080016,ANNO3,ELLIPSE,3.09,1.95,450.8,240.51,577,1
1.2.840.113619.2.416.35548681728510935866904450868894084077,ANNO3,ELLIPSE,3.43,1.96,329.74,335.22,105,1
1.2.840.113619.2.416.35548681728510935866904450868894084077,ANNO3,ELLIPSE,3.11,1.55,317.79,218.22,166,0
1.2.840.113619.2.416.35548681728510935866904450868894084077,ANNO3,ELLIPSE,3.32,2.15,144.07,253.44,196,0
1.2.840.113619.2.416.35548681728510935866904450868894084077,ANNO3,ELLIPSE,2.49,0.93,102.52,265.96,246,1
1.2.840.113619.2.416.35548681728510935866904450868894084077,ANNO3,ELLIPSE,2.34,1.14,142.53,342.28,251,0
1.2.840.113619.2.416.35548681728510935866904450868894084077,ANNO3,ELLIPSE,28.98,14.66,320.88,284.85,291,0
1.2.840.113619.2.416.35548681728510935866904450868894084077,ANNO3,ELLIPSE,4.08,1.53,410.74,303.04,355,0
1.2.840.113619.2.416.35548681728510935866904450868894084077,ANNO3,ELLIPSE,4.52,2.42,135.63,129.42,363,1
1.2.840.113619.2.416.35548681728510935866904450868894084077,ANNO3,ELLIPSE,3.33,1.62,378.55,204.04,385,0
1.2.840.113619.2.416.35548681728510935866904450868894084077,ANNO3,ELLIPSE,3.16,1.54,313.11,356.14,454,1
1.2.840.113619.2.327.3.50990949.252.1557875858.398.5,ANNO3,ELLIPSE,2.36,1.15,232.3,300.75,177,1
1.2.840.113619.2.327.3.50990949.252.1557875858.398.5,ANNO3,ELLIPSE,2.29,0.86,94.01,184.92,219,0
1.2.840.113619.2.327.3.50990949.252.1557875858.398.5,ANNO3,ELLIPSE,4.91,2.39,147.77,152.53,255,0
1.2.840.113619.2.327.3.50990949.252.1557875858.398.5,ANNO3,ELLIPSE,5.0,2.73,418.39,243.8,271,0
1.2.840.113619.2.327.3.50990949.252.1557875858.398.5,ANNO3,ELLIPSE,2.38,1.16,385.13,228.63,321,0
1.2.840.113619.2.327.3.50990949.252.1557875858.398.5,ANNO3,ELLIPSE,2.31,0.87,168.33,138.87,336,0
1.2.840.113619.2.327.3.50990949.252.1557875858.398.5,ANNO3,ELLIPSE,5.01,2.44,398.62,310.24,346,1
1.2.840.113619.2.327.3.50990949.252.1557875858.398.5,ANNO3,ELLIPSE,8.13,4.9,84.9,331.07,347,1
1.2.840.113619.2.327.3.50990949.252.1557875858.398.5,ANNO3,ELLIPSE,8.1,3.95,82.42,255.42,352,0
1.2.840.113619.2.327.3.50990949.252.1557875858.398.5,ANNO3,ELLIPSE,7.54,3.68,417.13,281.02,391,1
